{"accuracy": [0.6011238098144531, 0.8597055077552795, 0.9129952192306519, 0.940422534942627, 0.9546055793762207, 0.9645351767539978, 0.9712639451026917, 0.975446343421936, 0.978888988494873, 0.9815207123756409], "loss": [1.3545680046081543, 0.43775802850723267, 0.2687721848487854, 0.184745654463768, 0.13794368505477905, 0.10797160118818283, 0.08936142921447754, 0.07392115890979767, 0.06366788595914841, 0.05463160201907158], "val_accuracy": [0.8421351909637451, 0.9031413793563843, 0.9257341027259827, 0.9337582588195801, 0.9562371969223022, 0.9559526443481445, 0.9586842656135559, 0.9574891924858093, 0.9376280307769775, 0.959936261177063], "val_loss": [0.5159211754798889, 0.3001287877559662, 0.22227753698825836, 0.20499293506145477, 0.13333706557750702, 0.13467225432395935, 0.132599875330925, 0.1402115374803543, 0.2102157473564148, 0.14256422221660614]}